-- TruvaX Seed Data
-- Run after 001_initial.sql

-- ============================================
-- 8 AGENTS
-- ============================================
INSERT INTO agents (id, name, public_key, tier, trust_score, status, task_type, operator_name, operator_email, description, max_tx_size, rate_limit, success_rate, spending_behavior) VALUES
  ('a1000000-0000-0000-0000-000000000001', 'SwapBot Alpha', '7XsJcQkPbKzE9y4VJW1aSDqRbv56qWoZrFA8ZxQeW4YB', 3, 92, 'active', 'swap', 'Alice Chen', 'alice@truvax.io', 'High-frequency DEX aggregator agent with multi-pool routing', 50000, 500, 97.5, 'aggressive'),
  ('a1000000-0000-0000-0000-000000000002', 'TransferGuard', '8YtKdeLbMzF0z5WKX2bTEsRcw67qXpAhTGB9ZyRfX5ZC', 2, 68, 'active', 'transfer', 'Bob Martinez', 'bob@truvax.io', 'Secure cross-wallet transfer agent with built-in verification', 5000, 200, 88.2, 'standard'),
  ('a1000000-0000-0000-0000-000000000003', 'StakeMaximizer', '9ZuLeFcNaG1a6XLY3cUFTtSdh78rYqBiUHC0AzSgY6AD', 3, 85, 'active', 'stake', 'Carol Wei', 'carol@truvax.io', 'Automated staking optimization across validators', 25000, 100, 94.1, 'conservative'),
  ('a1000000-0000-0000-0000-000000000004', 'LendingOracle', 'AAvMgHdJpG2b7YMN4dVGUtWib89sZrCjZQD1BaTaZ7BE', 2, 55, 'active', 'lend', 'David Kim', 'david@truvax.io', 'DeFi lending protocol agent with rate optimization', 10000, 150, 79.3, 'standard'),
  ('a1000000-0000-0000-0000-000000000005', 'BridgeHopper', 'BBwNiIdKrG3c8ZNO5eWXicyla0tCjaDnSRE2CbUb08CF', 1, 32, 'active', 'bridge', 'Eve Johnson', 'eve@truvax.io', 'Cross-chain bridge agent for Solana to Ethereum', 2000, 50, 65.0, 'conservative'),
  ('a1000000-0000-0000-0000-000000000006', 'NFTTraderPro', 'CCxOjJeLsH4d9OP6fXYjdzmb1uEdkFOSF3DcVc19DG', 2, 61, 'active', 'nft_trade', 'Frank Liu', 'frank@truvax.io', 'Automated NFT trading and collection management', 8000, 300, 82.7, 'standard'),
  ('a1000000-0000-0000-0000-000000000007', 'GovVoter', 'DDyPkKfMtI5eAQR7gZKkenvC2vFfhHPTG4EdWd2AEHH', 1, 25, 'inactive', 'governance', 'Grace Park', 'grace@truvax.io', 'DAO governance voting agent with delegation support', 500, 20, 58.0, 'conservative'),
  ('a1000000-0000-0000-0000-000000000008', 'RogueAgent_X', 'EEzQlLgNuJ6fBSS8hALlfwD3wGgiIQUH5FeXe3BFII', 1, 12, 'flagged', 'custom', 'Unknown', 'rogue@suspect.xyz', 'Flagged for suspicious high-value transfer attempts', 100, 10, 15.0, 'aggressive');

-- ============================================
-- 50 TRANSACTIONS (sampling)
-- ============================================
INSERT INTO transactions (agent_id, tx_type, amount, status) VALUES
  ('a1000000-0000-0000-0000-000000000001', 'swap', 1500, 'completed'),
  ('a1000000-0000-0000-0000-000000000001', 'swap', 3200, 'completed'),
  ('a1000000-0000-0000-0000-000000000001', 'swap', 750, 'completed'),
  ('a1000000-0000-0000-0000-000000000001', 'swap', 12000, 'completed'),
  ('a1000000-0000-0000-0000-000000000001', 'swap', 480, 'completed'),
  ('a1000000-0000-0000-0000-000000000002', 'transfer', 200, 'completed'),
  ('a1000000-0000-0000-0000-000000000002', 'transfer', 1500, 'completed'),
  ('a1000000-0000-0000-0000-000000000002', 'transfer', 4800, 'completed'),
  ('a1000000-0000-0000-0000-000000000002', 'transfer', 50, 'completed'),
  ('a1000000-0000-0000-0000-000000000002', 'transfer', 6000, 'blocked'),
  ('a1000000-0000-0000-0000-000000000003', 'stake', 5000, 'completed'),
  ('a1000000-0000-0000-0000-000000000003', 'stake', 12000, 'completed'),
  ('a1000000-0000-0000-0000-000000000003', 'stake', 8500, 'completed'),
  ('a1000000-0000-0000-0000-000000000003', 'stake', 3200, 'completed'),
  ('a1000000-0000-0000-0000-000000000003', 'stake', 15000, 'completed'),
  ('a1000000-0000-0000-0000-000000000004', 'lend', 2000, 'completed'),
  ('a1000000-0000-0000-0000-000000000004', 'lend', 4500, 'completed'),
  ('a1000000-0000-0000-0000-000000000004', 'lend', 8000, 'completed'),
  ('a1000000-0000-0000-0000-000000000004', 'lend', 950, 'failed'),
  ('a1000000-0000-0000-0000-000000000004', 'lend', 3200, 'completed'),
  ('a1000000-0000-0000-0000-000000000005', 'bridge', 500, 'completed'),
  ('a1000000-0000-0000-0000-000000000005', 'bridge', 1200, 'completed'),
  ('a1000000-0000-0000-0000-000000000005', 'bridge', 2500, 'blocked'),
  ('a1000000-0000-0000-0000-000000000005', 'bridge', 800, 'completed'),
  ('a1000000-0000-0000-0000-000000000005', 'bridge', 350, 'completed'),
  ('a1000000-0000-0000-0000-000000000006', 'nft_trade', 75, 'completed'),
  ('a1000000-0000-0000-0000-000000000006', 'nft_trade', 120, 'completed'),
  ('a1000000-0000-0000-0000-000000000006', 'nft_trade', 3500, 'completed'),
  ('a1000000-0000-0000-0000-000000000006', 'nft_trade', 890, 'completed'),
  ('a1000000-0000-0000-0000-000000000006', 'nft_trade', 2100, 'failed'),
  ('a1000000-0000-0000-0000-000000000007', 'governance', 0, 'completed'),
  ('a1000000-0000-0000-0000-000000000007', 'governance', 0, 'completed'),
  ('a1000000-0000-0000-0000-000000000007', 'governance', 0, 'failed'),
  ('a1000000-0000-0000-0000-000000000008', 'transfer', 999999, 'blocked'),
  ('a1000000-0000-0000-0000-000000000008', 'swap', 50000, 'blocked'),
  ('a1000000-0000-0000-0000-000000000008', 'bridge', 100000, 'blocked'),
  ('a1000000-0000-0000-0000-000000000001', 'swap', 920, 'completed'),
  ('a1000000-0000-0000-0000-000000000001', 'swap', 2100, 'completed'),
  ('a1000000-0000-0000-0000-000000000002', 'transfer', 980, 'completed'),
  ('a1000000-0000-0000-0000-000000000003', 'stake', 7800, 'completed'),
  ('a1000000-0000-0000-0000-000000000004', 'lend', 1800, 'completed'),
  ('a1000000-0000-0000-0000-000000000005', 'bridge', 650, 'completed'),
  ('a1000000-0000-0000-0000-000000000006', 'nft_trade', 150, 'completed'),
  ('a1000000-0000-0000-0000-000000000001', 'swap', 5600, 'completed'),
  ('a1000000-0000-0000-0000-000000000002', 'transfer', 2200, 'completed'),
  ('a1000000-0000-0000-0000-000000000003', 'stake', 18000, 'completed'),
  ('a1000000-0000-0000-0000-000000000004', 'lend', 5500, 'completed'),
  ('a1000000-0000-0000-0000-000000000005', 'bridge', 1100, 'completed'),
  ('a1000000-0000-0000-0000-000000000008', 'custom', 75000, 'blocked'),
  ('a1000000-0000-0000-0000-000000000001', 'swap', 300, 'completed');

-- ============================================
-- 50 TRUSTGATE LOGS (sampling)
-- ============================================
INSERT INTO trustgate_logs (agent_id, agent_name, session_id, action, amount, status, check_results, latency_ms, created_at) VALUES
  ('a1000000-0000-0000-0000-000000000001', 'SwapBot Alpha', 'sess_001', 'swap', 1500, 'passed', '{"TrustGate": true, "TxAuth": true, "ReputaScore": true, "WorkPay": true, "OnChainGate": true, "RiskGuard": true, "ZKProof": true, "AgentStandard": true, "ChainPort": true}', 45, NOW() - INTERVAL '55 minutes'),
  ('a1000000-0000-0000-0000-000000000001', 'SwapBot Alpha', 'sess_002', 'swap', 3200, 'passed', '{"TrustGate": true, "TxAuth": true, "ReputaScore": true, "WorkPay": true, "OnChainGate": true, "RiskGuard": true, "ZKProof": true, "AgentStandard": true, "ChainPort": true}', 52, NOW() - INTERVAL '50 minutes'),
  ('a1000000-0000-0000-0000-000000000001', 'SwapBot Alpha', 'sess_003', 'swap', 750, 'passed', '{"TrustGate": true, "TxAuth": true, "ReputaScore": true, "WorkPay": true, "OnChainGate": true, "RiskGuard": true, "ZKProof": true, "AgentStandard": true, "ChainPort": true}', 38, NOW() - INTERVAL '48 minutes'),
  ('a1000000-0000-0000-0000-000000000001', 'SwapBot Alpha', 'sess_004', 'swap', 12000, 'passed', '{"TrustGate": true, "TxAuth": true, "ReputaScore": true, "WorkPay": true, "OnChainGate": true, "RiskGuard": true, "ZKProof": true, "AgentStandard": true, "ChainPort": true}', 67, NOW() - INTERVAL '45 minutes'),
  ('a1000000-0000-0000-0000-000000000001', 'SwapBot Alpha', 'sess_005', 'swap', 480, 'passed', '{"TrustGate": true, "TxAuth": true, "ReputaScore": true, "WorkPay": true, "OnChainGate": true, "RiskGuard": true, "ZKProof": true, "AgentStandard": true, "ChainPort": true}', 31, NOW() - INTERVAL '42 minutes'),
  ('a1000000-0000-0000-0000-000000000002', 'TransferGuard', 'sess_006', 'transfer', 200, 'passed', '{"TrustGate": true, "TxAuth": true, "ReputaScore": true, "WorkPay": true, "OnChainGate": true, "RiskGuard": true, "ZKProof": true, "AgentStandard": true, "ChainPort": true}', 41, NOW() - INTERVAL '40 minutes'),
  ('a1000000-0000-0000-0000-000000000002', 'TransferGuard', 'sess_007', 'transfer', 1500, 'passed', '{"TrustGate": true, "TxAuth": true, "ReputaScore": true, "WorkPay": true, "OnChainGate": true, "RiskGuard": true, "ZKProof": true, "AgentStandard": true, "ChainPort": true}', 48, NOW() - INTERVAL '38 minutes'),
  ('a1000000-0000-0000-0000-000000000002', 'TransferGuard', 'sess_008', 'transfer', 4800, 'passed', '{"TrustGate": true, "TxAuth": true, "ReputaScore": true, "WorkPay": true, "OnChainGate": true, "RiskGuard": true, "ZKProof": true, "AgentStandard": true, "ChainPort": true}', 55, NOW() - INTERVAL '35 minutes'),
  ('a1000000-0000-0000-0000-000000000002', 'TransferGuard', 'sess_009', 'transfer', 50, 'passed', '{"TrustGate": true, "TxAuth": true, "ReputaScore": true, "WorkPay": true, "OnChainGate": true, "RiskGuard": true, "ZKProof": true, "AgentStandard": true, "ChainPort": true}', 28, NOW() - INTERVAL '33 minutes'),
  ('a1000000-0000-0000-0000-000000000002', 'TransferGuard', 'sess_010', 'transfer', 6000, 'blocked', '{"TrustGate": true, "TxAuth": true, "ReputaScore": true, "WorkPay": true, "OnChainGate": true, "RiskGuard": false, "ZKProof": true, "AgentStandard": true, "ChainPort": false}', 62, NOW() - INTERVAL '30 minutes'),
  ('a1000000-0000-0000-0000-000000000003', 'StakeMaximizer', 'sess_011', 'stake', 5000, 'passed', '{"TrustGate": true, "TxAuth": true, "ReputaScore": true, "WorkPay": true, "OnChainGate": true, "RiskGuard": true, "ZKProof": true, "AgentStandard": true, "ChainPort": true}', 44, NOW() - INTERVAL '28 minutes'),
  ('a1000000-0000-0000-0000-000000000003', 'StakeMaximizer', 'sess_012', 'stake', 12000, 'passed', '{"TrustGate": true, "TxAuth": true, "ReputaScore": true, "WorkPay": true, "OnChainGate": true, "RiskGuard": true, "ZKProof": true, "AgentStandard": true, "ChainPort": true}', 59, NOW() - INTERVAL '26 minutes'),
  ('a1000000-0000-0000-0000-000000000003', 'StakeMaximizer', 'sess_013', 'stake', 8500, 'passed', '{"TrustGate": true, "TxAuth": true, "ReputaScore": true, "WorkPay": true, "OnChainGate": true, "RiskGuard": true, "ZKProof": true, "AgentStandard": true, "ChainPort": true}', 47, NOW() - INTERVAL '24 minutes'),
  ('a1000000-0000-0000-0000-000000000004', 'LendingOracle', 'sess_016', 'lend', 2000, 'passed', '{"TrustGate": true, "TxAuth": true, "ReputaScore": true, "WorkPay": true, "OnChainGate": true, "RiskGuard": true, "ZKProof": true, "AgentStandard": true, "ChainPort": true}', 51, NOW() - INTERVAL '22 minutes'),
  ('a1000000-0000-0000-0000-000000000004', 'LendingOracle', 'sess_017', 'lend', 4500, 'passed', '{"TrustGate": true, "TxAuth": true, "ReputaScore": true, "WorkPay": true, "OnChainGate": true, "RiskGuard": true, "ZKProof": true, "AgentStandard": true, "ChainPort": true}', 63, NOW() - INTERVAL '20 minutes'),
  ('a1000000-0000-0000-0000-000000000004', 'LendingOracle', 'sess_019', 'lend', 950, 'blocked', '{"TrustGate": true, "TxAuth": false, "ReputaScore": true, "WorkPay": true, "OnChainGate": true, "RiskGuard": true, "ZKProof": true, "AgentStandard": true, "ChainPort": true}', 43, NOW() - INTERVAL '18 minutes'),
  ('a1000000-0000-0000-0000-000000000005', 'BridgeHopper', 'sess_021', 'bridge', 500, 'passed', '{"TrustGate": true, "TxAuth": true, "ReputaScore": true, "WorkPay": true, "OnChainGate": true, "RiskGuard": true, "ZKProof": true, "AgentStandard": true, "ChainPort": true}', 72, NOW() - INTERVAL '16 minutes'),
  ('a1000000-0000-0000-0000-000000000005', 'BridgeHopper', 'sess_023', 'bridge', 2500, 'blocked', '{"TrustGate": false, "TxAuth": true, "ReputaScore": true, "WorkPay": true, "OnChainGate": true, "RiskGuard": false, "ZKProof": true, "AgentStandard": true, "ChainPort": false}', 89, NOW() - INTERVAL '14 minutes'),
  ('a1000000-0000-0000-0000-000000000006', 'NFTTraderPro', 'sess_026', 'nft_trade', 75, 'passed', '{"TrustGate": true, "TxAuth": true, "ReputaScore": true, "WorkPay": true, "OnChainGate": true, "RiskGuard": true, "ZKProof": true, "AgentStandard": true, "ChainPort": true}', 36, NOW() - INTERVAL '12 minutes'),
  ('a1000000-0000-0000-0000-000000000006', 'NFTTraderPro', 'sess_028', 'nft_trade', 3500, 'passed', '{"TrustGate": true, "TxAuth": true, "ReputaScore": true, "WorkPay": true, "OnChainGate": true, "RiskGuard": true, "ZKProof": true, "AgentStandard": true, "ChainPort": true}', 54, NOW() - INTERVAL '10 minutes'),
  ('a1000000-0000-0000-0000-000000000006', 'NFTTraderPro', 'sess_030', 'nft_trade', 2100, 'blocked', '{"TrustGate": true, "TxAuth": true, "ReputaScore": true, "WorkPay": false, "OnChainGate": true, "RiskGuard": true, "ZKProof": false, "AgentStandard": true, "ChainPort": true}', 61, NOW() - INTERVAL '8 minutes'),
  ('a1000000-0000-0000-0000-000000000008', 'RogueAgent_X', 'sess_034', 'transfer', 999999, 'blocked', '{"TrustGate": false, "TxAuth": false, "ReputaScore": false, "WorkPay": false, "OnChainGate": true, "RiskGuard": false, "ZKProof": false, "AgentStandard": false, "ChainPort": false}', 112, NOW() - INTERVAL '6 minutes'),
  ('a1000000-0000-0000-0000-000000000008', 'RogueAgent_X', 'sess_035', 'swap', 50000, 'blocked', '{"TrustGate": false, "TxAuth": false, "ReputaScore": false, "WorkPay": false, "OnChainGate": true, "RiskGuard": false, "ZKProof": false, "AgentStandard": false, "ChainPort": false}', 95, NOW() - INTERVAL '4 minutes'),
  ('a1000000-0000-0000-0000-000000000008', 'RogueAgent_X', 'sess_036', 'bridge', 100000, 'blocked', '{"TrustGate": false, "TxAuth": false, "ReputaScore": false, "WorkPay": false, "OnChainGate": true, "RiskGuard": false, "ZKProof": false, "AgentStandard": false, "ChainPort": false}', 108, NOW() - INTERVAL '2 minutes'),
  ('a1000000-0000-0000-0000-000000000001', 'SwapBot Alpha', 'sess_037', 'swap', 920, 'passed', '{"TrustGate": true, "TxAuth": true, "ReputaScore": true, "WorkPay": true, "OnChainGate": true, "RiskGuard": true, "ZKProof": true, "AgentStandard": true, "ChainPort": true}', 39, NOW() - INTERVAL '55 minutes'),
  ('a1000000-0000-0000-0000-000000000001', 'SwapBot Alpha', 'sess_038', 'swap', 2100, 'passed', '{"TrustGate": true, "TxAuth": true, "ReputaScore": true, "WorkPay": true, "OnChainGate": true, "RiskGuard": true, "ZKProof": true, "AgentStandard": true, "ChainPort": true}', 42, NOW() - INTERVAL '53 minutes'),
  ('a1000000-0000-0000-0000-000000000002', 'TransferGuard', 'sess_039', 'transfer', 980, 'passed', '{"TrustGate": true, "TxAuth": true, "ReputaScore": true, "WorkPay": true, "OnChainGate": true, "RiskGuard": true, "ZKProof": true, "AgentStandard": true, "ChainPort": true}', 37, NOW() - INTERVAL '51 minutes'),
  ('a1000000-0000-0000-0000-000000000003', 'StakeMaximizer', 'sess_040', 'stake', 7800, 'passed', '{"TrustGate": true, "TxAuth": true, "ReputaScore": true, "WorkPay": true, "OnChainGate": true, "RiskGuard": true, "ZKProof": true, "AgentStandard": true, "ChainPort": true}', 46, NOW() - INTERVAL '49 minutes'),
  ('a1000000-0000-0000-0000-000000000004', 'LendingOracle', 'sess_041', 'lend', 1800, 'passed', '{"TrustGate": true, "TxAuth": true, "ReputaScore": true, "WorkPay": true, "OnChainGate": true, "RiskGuard": true, "ZKProof": true, "AgentStandard": true, "ChainPort": true}', 49, NOW() - INTERVAL '47 minutes'),
  ('a1000000-0000-0000-0000-000000000005', 'BridgeHopper', 'sess_042', 'bridge', 650, 'passed', '{"TrustGate": true, "TxAuth": true, "ReputaScore": true, "WorkPay": true, "OnChainGate": true, "RiskGuard": true, "ZKProof": true, "AgentStandard": true, "ChainPort": true}', 68, NOW() - INTERVAL '44 minutes'),
  ('a1000000-0000-0000-0000-000000000006', 'NFTTraderPro', 'sess_043', 'nft_trade', 150, 'passed', '{"TrustGate": true, "TxAuth": true, "ReputaScore": true, "WorkPay": true, "OnChainGate": true, "RiskGuard": true, "ZKProof": true, "AgentStandard": true, "ChainPort": true}', 33, NOW() - INTERVAL '41 minutes'),
  ('a1000000-0000-0000-0000-000000000001', 'SwapBot Alpha', 'sess_044', 'swap', 5600, 'passed', '{"TrustGate": true, "TxAuth": true, "ReputaScore": true, "WorkPay": true, "OnChainGate": true, "RiskGuard": true, "ZKProof": true, "AgentStandard": true, "ChainPort": true}', 58, NOW() - INTERVAL '38 minutes'),
  ('a1000000-0000-0000-0000-000000000002', 'TransferGuard', 'sess_045', 'transfer', 2200, 'passed', '{"TrustGate": true, "TxAuth": true, "ReputaScore": true, "WorkPay": true, "OnChainGate": true, "RiskGuard": true, "ZKProof": true, "AgentStandard": true, "ChainPort": true}', 44, NOW() - INTERVAL '36 minutes'),
  ('a1000000-0000-0000-0000-000000000003', 'StakeMaximizer', 'sess_046', 'stake', 18000, 'passed', '{"TrustGate": true, "TxAuth": true, "ReputaScore": true, "WorkPay": true, "OnChainGate": true, "RiskGuard": true, "ZKProof": true, "AgentStandard": true, "ChainPort": true}', 71, NOW() - INTERVAL '34 minutes'),
  ('a1000000-0000-0000-0000-000000000004', 'LendingOracle', 'sess_047', 'lend', 5500, 'passed', '{"TrustGate": true, "TxAuth": true, "ReputaScore": true, "WorkPay": true, "OnChainGate": true, "RiskGuard": true, "ZKProof": true, "AgentStandard": true, "ChainPort": true}', 57, NOW() - INTERVAL '32 minutes'),
  ('a1000000-0000-0000-0000-000000000005', 'BridgeHopper', 'sess_048', 'bridge', 1100, 'passed', '{"TrustGate": true, "TxAuth": true, "ReputaScore": true, "WorkPay": true, "OnChainGate": true, "RiskGuard": true, "ZKProof": true, "AgentStandard": true, "ChainPort": true}', 74, NOW() - INTERVAL '29 minutes'),
  ('a1000000-0000-0000-0000-000000000008', 'RogueAgent_X', 'sess_049', 'custom', 75000, 'blocked', '{"TrustGate": false, "TxAuth": false, "ReputaScore": false, "WorkPay": false, "OnChainGate": true, "RiskGuard": false, "ZKProof": false, "AgentStandard": false, "ChainPort": false}', 101, NOW() - INTERVAL '27 minutes'),
  ('a1000000-0000-0000-0000-000000000001', 'SwapBot Alpha', 'sess_050', 'swap', 300, 'passed', '{"TrustGate": true, "TxAuth": true, "ReputaScore": true, "WorkPay": true, "OnChainGate": true, "RiskGuard": true, "ZKProof": true, "AgentStandard": true, "ChainPort": true}', 29, NOW() - INTERVAL '25 minutes'),
  ('a1000000-0000-0000-0000-000000000001', 'SwapBot Alpha', 'extra_001', 'swap', 1850, 'passed', '{"TrustGate": true, "TxAuth": true, "ReputaScore": true, "WorkPay": true, "OnChainGate": true, "RiskGuard": true, "ZKProof": true, "AgentStandard": true, "ChainPort": true}', 40, NOW() - INTERVAL '23 minutes'),
  ('a1000000-0000-0000-0000-000000000002', 'TransferGuard', 'extra_002', 'transfer', 3300, 'passed', '{"TrustGate": true, "TxAuth": true, "ReputaScore": true, "WorkPay": true, "OnChainGate": true, "RiskGuard": true, "ZKProof": true, "AgentStandard": true, "ChainPort": true}', 53, NOW() - INTERVAL '21 minutes'),
  ('a1000000-0000-0000-0000-000000000003', 'StakeMaximizer', 'extra_003', 'stake', 9900, 'passed', '{"TrustGate": true, "TxAuth": true, "ReputaScore": true, "WorkPay": true, "OnChainGate": true, "RiskGuard": true, "ZKProof": true, "AgentStandard": true, "ChainPort": true}', 50, NOW() - INTERVAL '19 minutes'),
  ('a1000000-0000-0000-0000-000000000004', 'LendingOracle', 'extra_004', 'lend', 7200, 'passed', '{"TrustGate": true, "TxAuth": true, "ReputaScore": true, "WorkPay": true, "OnChainGate": true, "RiskGuard": true, "ZKProof": true, "AgentStandard": true, "ChainPort": true}', 56, NOW() - INTERVAL '17 minutes'),
  ('a1000000-0000-0000-0000-000000000005', 'BridgeHopper', 'extra_005', 'bridge', 420, 'passed', '{"TrustGate": true, "TxAuth": true, "ReputaScore": true, "WorkPay": true, "OnChainGate": true, "RiskGuard": true, "ZKProof": true, "AgentStandard": true, "ChainPort": true}', 65, NOW() - INTERVAL '15 minutes'),
  ('a1000000-0000-0000-0000-000000000006', 'NFTTraderPro', 'extra_006', 'nft_trade', 560, 'passed', '{"TrustGate": true, "TxAuth": true, "ReputaScore": true, "WorkPay": true, "OnChainGate": true, "RiskGuard": true, "ZKProof": true, "AgentStandard": true, "ChainPort": true}', 38, NOW() - INTERVAL '13 minutes'),
  ('a1000000-0000-0000-0000-000000000001', 'SwapBot Alpha', 'extra_007', 'swap', 4200, 'passed', '{"TrustGate": true, "TxAuth": true, "ReputaScore": true, "WorkPay": true, "OnChainGate": true, "RiskGuard": true, "ZKProof": true, "AgentStandard": true, "ChainPort": true}', 47, NOW() - INTERVAL '11 minutes'),
  ('a1000000-0000-0000-0000-000000000002', 'TransferGuard', 'extra_008', 'transfer', 150, 'passed', '{"TrustGate": true, "TxAuth": true, "ReputaScore": true, "WorkPay": true, "OnChainGate": true, "RiskGuard": true, "ZKProof": true, "AgentStandard": true, "ChainPort": true}', 30, NOW() - INTERVAL '9 minutes'),
  ('a1000000-0000-0000-0000-000000000003', 'StakeMaximizer', 'extra_009', 'stake', 14500, 'passed', '{"TrustGate": true, "TxAuth": true, "ReputaScore": true, "WorkPay": true, "OnChainGate": true, "RiskGuard": true, "ZKProof": true, "AgentStandard": true, "ChainPort": true}', 62, NOW() - INTERVAL '7 minutes'),
  ('a1000000-0000-0000-0000-000000000004', 'LendingOracle', 'extra_010', 'lend', 2800, 'passed', '{"TrustGate": true, "TxAuth": true, "ReputaScore": true, "WorkPay": true, "OnChainGate": true, "RiskGuard": true, "ZKProof": true, "AgentStandard": true, "ChainPort": true}', 45, NOW() - INTERVAL '5 minutes'),
  ('a1000000-0000-0000-0000-000000000005', 'BridgeHopper', 'extra_011', 'bridge', 890, 'passed', '{"TrustGate": true, "TxAuth": true, "ReputaScore": true, "WorkPay": true, "OnChainGate": true, "RiskGuard": true, "ZKProof": true, "AgentStandard": true, "ChainPort": true}', 70, NOW() - INTERVAL '3 minutes'),
  ('a1000000-0000-0000-0000-000000000006', 'NFTTraderPro', 'extra_012', 'nft_trade', 1200, 'passed', '{"TrustGate": true, "TxAuth": true, "ReputaScore": true, "WorkPay": true, "OnChainGate": true, "RiskGuard": true, "ZKProof": true, "AgentStandard": true, "ChainPort": true}', 41, NOW() - INTERVAL '1 minute');

-- ============================================
-- REPUTATION EVENTS
-- ============================================
INSERT INTO reputation_events (agent_id, event_type, score_delta, description) VALUES
  ('a1000000-0000-0000-0000-000000000001', 'success', 3, 'Swap completed successfully'),
  ('a1000000-0000-0000-0000-000000000001', 'success', 3, 'High-value swap processed'),
  ('a1000000-0000-0000-0000-000000000001', 'attested', 5, 'Community attestation received'),
  ('a1000000-0000-0000-0000-000000000002', 'success', 3, 'Transfer verified'),
  ('a1000000-0000-0000-0000-000000000002', 'fail', -5, 'Transfer to flagged recipient blocked'),
  ('a1000000-0000-0000-0000-000000000003', 'success', 3, 'Stake delegation successful'),
  ('a1000000-0000-0000-0000-000000000003', 'attested', 5, 'Validator attestation'),
  ('a1000000-0000-0000-0000-000000000004', 'success', 3, 'Lending operation completed'),
  ('a1000000-0000-0000-0000-000000000004', 'fail', -5, 'Unauthorized tx type attempted'),
  ('a1000000-0000-0000-0000-000000000005', 'success', 3, 'Bridge transfer completed'),
  ('a1000000-0000-0000-0000-000000000005', 'blocked', -10, 'Excessive amount blocked by RiskGuard'),
  ('a1000000-0000-0000-0000-000000000006', 'success', 3, 'NFT trade executed'),
  ('a1000000-0000-0000-0000-000000000007', 'fail', -5, 'Governance vote failed'),
  ('a1000000-0000-0000-0000-000000000008', 'blocked', -10, 'Rogue transfer blocked'),
  ('a1000000-0000-0000-0000-000000000008', 'blocked', -10, 'Rogue swap blocked'),
  ('a1000000-0000-0000-0000-000000000008', 'blocked', -10, 'Rogue bridge blocked');
